Municipality,Annual Electric Usage (MWh),Annual Electric Savings (MWh),Annual Electric Incentives ($),Annual Gas Usage (Therms),Annual Gas Savings (Therms),Annual Gas Incentives ($)
Abington,49255.476,32.781,1355534.673,2252323.131,22462.105,375365.485
Acton,70739.864,-288.977,1550964.28,4141415.474,86607.323,1285071.852
Acushnet,31818.743,8.604,636915.339,1356346.364,Suppressed,Suppressed
Adams,21973.421,63.519,513696.287,1862877.739,11362.917,184669.72
Agawam,100510.561,646.453,1855414.179,5039763.555,55925.655,855291.734
Alford,3683.27,Suppressed,Suppressed,No Gas,No Gas,No Gas
Amesbury,46736.954,375.045,916198.87,3202736.449,42111.381,715983.466
Amherst,71029.368,-114.68,2111046.139,1345928.292,8975.656,123003.66
Andover,110402.784,914.908,3123180.092,8057773.49,140470.67,1776084.991
Aquinnah,3846.486,Suppressed,Suppressed,No Gas,No Gas,No Gas
Arlington,112696.154,501.843,3240653.866,9609931.026,328019.948,4628321.824
Ashburnham,Municipal,Municipal,Municipal,No Gas,No Gas,No Gas
Ashby,9282.955,40.568,195723.24,110697.057,Suppressed,Suppressed
Ashfield,7051.456,13.73,236200.45,No Gas,No Gas,No Gas
Ashland,55235.099,-126.677,833828.419,3970237.663,70993.268,931330.201
Athol,36472.635,347.955,3570267.661,No Gas,No Gas,No Gas
Attleboro,128481.781,52.785,2973619.608,5127891.796,46472.59,859168.37
Auburn,52730.166,-191.555,1899848.949,751467.969,Suppressed,Suppressed
Avon,13281.459,20.814,184812.24,699878.723,Suppressed,Suppressed
Ayer,23476.15,76.647,592707.623,1166810.137,56663.101,617608.545
Barnstable,199629.245,603.615,4787299.82,16439433.63,300497.388,4521835.754
Barre,16006.523,54.809,554195.929,No Gas,No Gas,No Gas
Becket,11762.107,51.005,391062.11,No Gas,No Gas,No Gas
Bedford,43943.159,35.449,542029.01,3482534.201,56117.534,800642.657
Belchertown,47199.894,-17.806,2066653.099,No Gas,No Gas,No Gas
Bellingham,50179.219,150.665,1064117.73,1724730.201,22952.143,329238.623
Belmont,Municipal,Municipal,Municipal,6985073.133,137155.425,1696371.324
Berkley,Municipal,Municipal,Municipal,Suppressed,Suppressed,Suppressed
Berlin,12400.75,354.389,512884.755,179650.529,Suppressed,Suppressed
Bernardston,8735.363,-58.482,394001.359,No Gas,No Gas,No Gas
Beverly,104434.646,-18.144,2418068.731,6418039.663,120721.073,1726304.977
Billerica,116327.481,288.307,1318248.249,8491178.686,88917.629,1485773.196
Blackstone,24944.85,-28.013,519118.535,840903.885,Suppressed,Suppressed
Blandford,5234.508,Suppressed,Suppressed,No Gas,No Gas,No Gas
Bolton,20962.228,-163.941,572693.276,Suppressed,Suppressed,Suppressed
Boston,1359322.781,8377.25,12739404.13,98396382.83,1705807.401,26249384.78
Bourne,68584.624,70.357,2922553.96,5016774.252,90378.004,1279659.382
Boxborough,Municipal,Municipal,Municipal,499669.039,Suppressed,Suppressed
Boxford,33754.435,-30.202,392020.453,1924602.862,22507.379,320278.573
Boylston,Municipal,Municipal,Municipal,188186.955,Suppressed,Suppressed
Braintree,Municipal,Municipal,Municipal,5734431.243,72897.955,1036979.553
Brewster,52888.136,229.95,2547046.26,2200056.977,45339.509,675578.671
Bridgewater,71469.031,1.198,985629.861,2732852.397,17254.48,230752.029
Brimfield,13611.249,-20.105,561028.941,No Gas,No Gas,No Gas
Brockton,203824.527,484.264,4690222.393,15692534.46,105250.59,2373868.128
Brookfield,11358.012,131.927,463961.017,122082.6,Suppressed,Suppressed
Brookline,121111.967,404.839,639989.797,10271448.15,158983.146,1872926.734
Buckland,5880.456,-65.103,550873.18,No Gas,No Gas,No Gas
Burlington,74039.45,-147.313,1040505.29,3899728.261,52164.907,706883.986
Cambridge,235738.82,955.708,1092471.921,16301320.4,398159.652,4983125.63
Canton,71996.798,8.795,818303.34,5132867.874,73312.82,1055746.183
Carlisle,24741.634,-142.095,531953.19,1063965.591,Suppressed,Suppressed
Carver,42139.798,-22.375,718197.959,953466.076,Suppressed,Suppressed
Charlemont,4960.933,Suppressed,Suppressed,No Gas,No Gas,No Gas
Charlton,46405.395,55.09,1706265.153,No Gas,No Gas,No Gas
Chatham,49992.544,123.858,874713.24,4076815.306,75462.499,1123577.063
Chelmsford,99372.773,264.168,721231.896,9481234.52,138133.714,2397306.382
Chelsea,68032.693,300.734,426786.111,5654868.749,51525.691,888785.978
Cheshire,9980.181,81.58,203460.103,408042.381,Suppressed,Suppressed
Chester,Municipal,Municipal,Municipal,No Gas,No Gas,No Gas
Chesterfield,4348.485,Suppressed,Suppressed,No Gas,No Gas,No Gas
Chicopee,Municipal,Municipal,Municipal,7234781.176,64899.43,1151774.367
Chilmark,15656.785,Suppressed,Suppressed,No Gas,No Gas,No Gas
Clarksburg,4755.197,Suppressed,Suppressed,107234.029,Suppressed,Suppressed
Clinton,40626.091,78.59,598925.261,1898201.835,27050.144,414784.683
Cohasset,34369.78,-8.3,406117.75,2380534.999,24409.71,308297.834
Colrain,6384.755,Suppressed,Suppressed,No Gas,No Gas,No Gas
Concord,Municipal,Municipal,Municipal,4356823.344,81679.569,1048245.552
Conway,6088.271,-26.28,259289.43,No Gas,No Gas,No Gas
Cummington,3336.221,Suppressed,Suppressed,No Gas,No Gas,No Gas
Dalton,19929.896,88.809,380443.79,1505501.458,Suppressed,Suppressed
Danvers,Municipal,Municipal,Municipal,3677095.012,59561.635,779547.894
Dartmouth,97774.562,-124.793,2003829.289,5154719.148,75306.856,1288249.714
Dedham,69110.139,68.563,526904.39,6359758.278,112861.403,1394307.66
Deerfield,18264.261,-79.695,757110.109,394827.743,Suppressed,Suppressed
Dennis,78700.655,317.068,2363248.24,6142929.078,149963.256,2409390.458
Dighton,Municipal,Municipal,Municipal,483516.754,Suppressed,Suppressed
Douglas,31032.712,-172.839,1225076.213,No Gas,No Gas,No Gas
Dover,32956.094,-292.144,594505.961,128354.815,Suppressed,Suppressed
Dracut,88459.505,130.079,754424.974,6828512.931,73880.278,1177130.569
Dudley,35039.299,356.698,1483600.93,518525.685,Suppressed,Suppressed
Dunstable,12048.065,-21.6,248630.461,348853.341,Suppressed,Suppressed
Duxbury,62192.011,-85.852,803467.069,3773586.909,49405.89,665575.052
East Bridgewater,42380.884,457.079,2617841.839,1723607.629,Suppressed,Suppressed
East Brookfield,7358.782,32.512,200917.424,117636.668,Suppressed,Suppressed
East Longmeadow,47229.131,255.711,525944.925,3752561.31,44898.2,631449.585
Eastham,32793.854,-22.037,2010084.86,1530929.011,29766.45,448200.849
Easthampton,51755.468,-13.487,1448678.068,1977356.601,36445.01,625165.564
Easton,80265.64,81.543,1151448.382,3589365.303,37340.78,543141.685
Edgartown,55204.396,-19.899,1093595.96,No Gas,No Gas,No Gas
Egremont,8496.347,Suppressed,Suppressed,No Gas,No Gas,No Gas
Erving,5190.442,Suppressed,Suppressed,No Gas,No Gas,No Gas
Essex,12619.987,76.494,319646.378,533487.156,Suppressed,Suppressed
Everett,85102.932,474.327,986308.307,9251928.41,86770.432,1197876.091
Fairhaven,43888.568,115.915,777723.829,3804518.407,54686.232,1015107.012
Fall River,185125.05,833.455,2016535.884,21380123.87,172788.044,3789767.18
Falmouth,147382.163,510.988,5400543.17,10515701.18,228919.898,3033959.445
Fitchburg,95714.503,864.741,1403335.33,6883432.044,50517.142,1093291.237
Florida,2061.165,Suppressed,Suppressed,No Gas,No Gas,No Gas
Foxborough,54799.747,57.669,593546.262,3650940.479,30509.72,457781.192
Framingham,185722.397,-147.971,3792616.908,10686516.75,170790.086,2391555.422
Franklin,96978.615,-63.801,1214280.3,6213129.294,90811.43,1215164.204
Freetown,30897.782,-102.883,846681.229,181761.612,Suppressed,Suppressed
Gardner,52573.121,129.736,1318735.856,879375.944,13670.528,380910.972
Georgetown,Municipal,Municipal,Municipal,1702733.801,34968.171,304276.139
Gill,4807.51,-75.812,366046.68,No Gas,No Gas,No Gas
Gloucester,95338.21,332.565,3679935.816,4387799.997,59973.55,1365754.919
Goshen,3167.611,Suppressed,Suppressed,No Gas,No Gas,No Gas
Gosnold,Municipal,Municipal,Municipal,No Gas,No Gas,No Gas
Grafton,60902.177,-208.864,1220727.381,2932762.453,59269.028,695317.224
Granby,18828.643,-65.962,754769.726,169106.584,Suppressed,Suppressed
Granville,6400.416,Suppressed,Suppressed,No Gas,No Gas,No Gas
Great Barrington,24211.889,2.629,790377.157,728136.901,Suppressed,Suppressed
Greenfield,53465.334,-36.182,2251735.99,2120622.189,19429.16,302715.33
Groton,Municipal,Municipal,Municipal,953913.773,Suppressed,Suppressed
Groveland,Municipal,Municipal,Municipal,1394554.551,28951.095,314013.04
Hadley,19931.64,-105.249,698356.41,325589.813,Suppressed,Suppressed
Halifax,25206.305,11.039,550775.082,510200.801,Suppressed,Suppressed
Hamilton,25271.96,-141.004,818027.956,907776.56,Suppressed,Suppressed
Hampden,17054.639,74.694,316499.397,628657.077,Suppressed,Suppressed
Hancock,4850.357,Suppressed,Suppressed,No Gas,No Gas,No Gas
Hanover,47654.615,1.005,544539.994,2917682.492,38401.78,430674.745
Hanson,32279.166,14.367,450879.158,1694724.183,19002.66,317297.134
Hardwick,8747.255,Suppressed,Suppressed,No Gas,No Gas,No Gas
Harvard,21662.099,-175.09,839346.162,283794.715,Suppressed,Suppressed
Harwich,63295.175,202.836,2433158.23,4987577.712,105204.591,1577701.287
Hatfield,11732.433,13.774,328591.98,504934.28,Suppressed,Suppressed
Haverhill,163464.947,496.392,1528933.894,15057279.08,318901.555,6217585.821
Hawley,Suppressed,Suppressed,Suppressed,No Gas,No Gas,No Gas
Heath,2285.031,Suppressed,Suppressed,No Gas,No Gas,No Gas
Hingham,Municipal,Municipal,Municipal,4527411.341,50053.692,669373.732
Hinsdale,8326.918,30.572,318203.04,No Gas,No Gas,No Gas
Holbrook,30257.739,869.97,2075641.374,1455356.259,17351.92,312850.352
Holden,Municipal,Municipal,Municipal,1156471.124,Suppressed,Suppressed
Holland,10748.748,2.396,259728.585,No Gas,No Gas,No Gas
Holliston,49200.904,1.997,744031.728,2985724.653,65412.219,892452.777
Holyoke,Municipal,Municipal,Municipal,Municipal,Municipal,Municipal
Hopedale,18681.041,-114.742,549977.488,357584.563,Suppressed,Suppressed
Hopkinton,66134.513,-122.947,1454880.499,3502487.944,76293.597,871168.49
Hubbardston,13289.761,-24.914,288680.03,No Gas,No Gas,No Gas
Hudson,Municipal,Municipal,Municipal,4237251.277,58033.08,758804.502
Hull,Municipal,Municipal,Municipal,2940001.38,29359.902,430798.38
Huntington,7823.185,Suppressed,Suppressed,No Gas,No Gas,No Gas
Ipswich,Municipal,Municipal,Municipal,1931190.232,25435.643,334767.27
Kingston,46771.81,111.853,1027160.717,1455512.62,Suppressed,Suppressed
Lakeville,Municipal,Municipal,Municipal,302516.682,Suppressed,Suppressed
Lancaster,22345.522,-25.469,684867.182,218524.637,Suppressed,Suppressed
Lanesborough,12011.572,54.331,385094.541,186972.725,Suppressed,Suppressed
Lawrence,154223.103,880.049,2581280.49,16498122.76,168192.23,4097933.775
Lee,25348.247,122.339,478021.379,1353192.571,6932.672,118609.06
Leicester,35495.599,-19.101,1236296.306,119901.86,Suppressed,Suppressed
Lenox,20059.991,23.753,384397.311,1643333.076,Suppressed,Suppressed
Leominster,115689.696,309.747,2307350.39,4379138.944,105603.08,1537624.314
Leverett,6973.109,-24.804,229327.01,No Gas,No Gas,No Gas
Lexington,112683.642,-545.676,2642291.58,6356355.751,117559.109,1433407.909
Leyden,2778.914,Suppressed,Suppressed,No Gas,No Gas,No Gas
Lincoln,27101.693,23.907,464122.52,1503603.166,Suppressed,Suppressed
Littleton,Municipal,Municipal,Municipal,1200215.454,15890.619,244885.218
Longmeadow,54585.412,208.714,362319.221,5250978.053,91543.3,1376458.874
Lowell,224320.707,757.509,1891873.209,21844649.7,244452.847,3995826.198
Ludlow,66323.306,247.574,1025570.089,2846138.009,30000.35,440370.416
Lunenburg,35845.645,53.913,1292947.782,564264.815,Suppressed,Suppressed
Lynn,183933.295,517.914,3783275.569,16616094.3,237312.107,3824781.517
Lynnfield,Municipal,Municipal,Municipal,3081529.581,26381.79,358673.085
Malden,125141.801,1015.349,2501105.478,10900423.34,246140.924,3832375.067
Manchester-by-the-Sea,21500.335,39.761,225226.355,1801119.978,Suppressed,Suppressed
Mansfield,Municipal,Municipal,Municipal,4227613.115,45642.64,712645.528
Marblehead,Municipal,Municipal,Municipal,6028617.787,Suppressed,Suppressed
Marion,23510.239,92.854,584642.39,857580.764,Suppressed,Suppressed
Marlborough,114370.605,187.248,1034858.739,7788009.99,87727.875,1341074.371
Marshfield,81359.102,62.785,803375.76,6300583.927,85788.57,1287812.378
Mashpee,76075.615,438.096,1796516.341,6037907.576,152953.19,1913102.559
Mattapoisett,27356.722,68.765,839077.67,1237968.197,Suppressed,Suppressed
Maynard,29069.847,22.682,444586.96,2059892.215,56582.916,931528.652
Medfield,42225.861,-193.66,685668.51,3057110.422,49485.3,596191.839
Medford,132920.289,173.282,1903413.765,12682783.62,279802.653,4119270.106
Medway,40740.78,-10.678,857856.51,2119325.696,40685.7,521981.333
Melrose,72902.254,276.807,1399764.517,5934233.738,263047.053,3596751.069
Mendon,21774.498,-135.217,536176.767,Suppressed,Suppressed,Suppressed
Merrimac,Municipal,Municipal,Municipal,1434687.811,16412.9,252282.406
Methuen,125790.211,367.642,1450441.788,11375887.33,145442.254,2864360.498
Middleborough,Municipal,Municipal,Municipal,Municipal,Municipal,Municipal
Middlefield,1929.991,Suppressed,Suppressed,No Gas,No Gas,No Gas
Middleton,Municipal,Municipal,Municipal,1170044.215,Suppressed,Suppressed
Milford,77895.156,-52.021,1303362.325,3966237.188,45228.622,507764.819
Millbury,44636.299,-107.515,1794828.411,1346181.574,35595.752,367536.452
Millis,29544.838,-16.026,566464.02,1147268.496,26026.21,281037.07
Millville,9208.834,-54.553,286890.589,Suppressed,Suppressed,Suppressed
Milton,82281.946,177.151,793448.559,7280964.448,112324.061,1343888.138
Monroe,Suppressed,Suppressed,Suppressed,No Gas,No Gas,No Gas
Monson,26807.258,26.917,790594.984,109067.841,Suppressed,Suppressed
Montague,28584.766,-44.634,1261565.291,547706.099,Suppressed,Suppressed
Monterey,6349.288,Suppressed,Suppressed,No Gas,No Gas,No Gas
Montgomery,3374.292,Suppressed,Suppressed,No Gas,No Gas,No Gas
Mount Washington,1132.272,Suppressed,Suppressed,No Gas,No Gas,No Gas
Nahant,10013.925,56.56,176634.392,1152439.235,Suppressed,Suppressed
Nantucket,126560.267,154.04,922103.45,No Gas,No Gas,No Gas
Natick,111086.911,-203.519,1786228.017,6223078.754,131241.122,1725261.06
Needham,103564.009,-92.473,1416052.099,6766260.911,103274.952,1182644.581
New Ashford,961.443,Suppressed,Suppressed,No Gas,No Gas,No Gas
New Bedford,197782.481,1040.778,3962710.895,22258793.19,380627.279,10757688.99
New Braintree,3503.888,Suppressed,Suppressed,No Gas,No Gas,No Gas
New Marlborough,7747.753,Suppressed,Suppressed,No Gas,No Gas,No Gas
New Salem,3182.763,Suppressed,Suppressed,No Gas,No Gas,No Gas
Newbury,25437.025,21.206,720928.634,644436.606,Suppressed,Suppressed
Newburyport,56364.58,22.874,558620.37,4750112.777,82541.123,1042685.516
Newton,300272.545,848.285,2338559.497,28707314.52,446152.957,5216232.733
Norfolk,36423.086,-169.477,945634.819,471110.955,Suppressed,Suppressed
North Adams,30610.139,188.433,534808.628,2889019.009,11777.323,200666.71
North Andover,91045.905,1300.386,2345028.105,5563108.746,80353.078,882318.465
North Attleborough,Municipal,Municipal,Municipal,2504323.379,26299.034,413040.08
North Brookfield,15153.363,34.879,452440.53,413007.64,Suppressed,Suppressed
North Reading,Municipal,Municipal,Municipal,2611762.843,36837.58,490548.341
Northampton,69323.055,296.408,1938110.291,5010291.377,154247.39,2690243.317
Northborough,48492.446,-28.341,1177686.684,1836249.512,31530.602,401534.387
Northbridge,48919.41,-30.34,1655087.708,1375567.756,Suppressed,Suppressed
Northfield,10090.544,-108.303,620036.46,No Gas,No Gas,No Gas
Norton,56349.148,98.875,717687.368,2848567.759,27605.56,407878.303
Norwell,41478.447,-20.345,651784.973,1652364.684,21460.18,267309.099
Norwood,Municipal,Municipal,Municipal,5859487.954,108000.497,1700319.668
Oak Bluffs,34844.621,-123.481,1538178.48,No Gas,No Gas,No Gas
Oakham,7050.145,Suppressed,Suppressed,No Gas,No Gas,No Gas
Orange,24534.336,44.974,917290.893,No Gas,No Gas,No Gas
Orleans,37903.026,110.737,1666753.65,1421609.39,30091.473,375459.945
Otis,11323.7,106.423,355907.69,No Gas,No Gas,No Gas
Oxford,45182.445,189.816,1352853.46,57452.334,Suppressed,Suppressed
Palmer,41161.776,132.719,956666.895,92978.946,Suppressed,Suppressed
Paxton,Municipal,Municipal,Municipal,No Gas,No Gas,No Gas
Peabody,Municipal,Municipal,Municipal,7657155.803,153434.678,1840117.91
Pelham,5520.14,Suppressed,Suppressed,No Gas,No Gas,No Gas
Pembroke,57133.557,-72.452,867996.93,3000679.819,42107.66,816589.468
Pepperell,35264.362,19.962,822036.762,1396867.392,Suppressed,Suppressed
Peru,3202.507,Suppressed,Suppressed,No Gas,No Gas,No Gas
Petersham,4428.028,Suppressed,Suppressed,No Gas,No Gas,No Gas
Phillipston,6186.616,Suppressed,Suppressed,No Gas,No Gas,No Gas
Pittsfield,133044.004,854.259,3261011.325,12038153.97,68467.877,1261257.99
Plainfield,2495.124,Suppressed,Suppressed,No Gas,No Gas,No Gas
Plainville,31036.303,-44.778,572352.542,729415.475,Suppressed,Suppressed
Plymouth,220809.628,-338.488,4259647.866,7129272.263,216864.607,2607092.022
Plympton,11145.659,20.178,177519.36,149139.875,Suppressed,Suppressed
Princeton,Municipal,Municipal,Municipal,No Gas,No Gas,No Gas
Provincetown,22352.78,114.12,1399837.51,No Gas,No Gas,No Gas
Quincy,218136.433,954.654,3192830.719,16653724.78,348256.604,6135624.326
Randolph,79297.484,64.816,1277634.135,5661980.027,79390.77,1394130.092
Raynham,Municipal,Municipal,Municipal,1111768.179,Suppressed,Suppressed
Reading,Municipal,Municipal,Municipal,3566226.637,81773.224,786129.213
Rehoboth,45413.57,-128.306,975553.536,Suppressed,Suppressed,Suppressed
Revere,116162.96,267.566,1257368.561,9676110.709,99717.016,1440517.573
Richmond,8919.304,-10.06,293141.911,No Gas,No Gas,No Gas
Rochester,21057.375,-62.724,543201.409,255830.332,Suppressed,Suppressed
Rockland,48101.088,131.805,565679.223,2991405.482,28386.822,533102.048
Rockport,28114.878,178.609,1593846.074,14688.57,Suppressed,Suppressed
Rowe,1497.356,Suppressed,Suppressed,No Gas,No Gas,No Gas
Rowley,Municipal,Municipal,Municipal,1135648.711,Suppressed,Suppressed
Royalston,4252.017,Suppressed,Suppressed,No Gas,No Gas,No Gas
Russell,Municipal,Municipal,Municipal,No Gas,No Gas,No Gas
Rutland,26094.554,16.766,1313999.441,No Gas,No Gas,No Gas
Salem,104333.311,1952.276,2952746.62,7730143.348,174970.337,2480751.262
Salisbury,31162.153,165.483,579747.721,1700727.89,22184.799,429133.546
Sandisfield,6031.997,Suppressed,Suppressed,No Gas,No Gas,No Gas
Sandwich,74819.911,-23.601,3178329.36,4290479.327,83628.034,1198024.205
Saugus,78527.538,611.279,1581960.963,5174567.909,65072.287,1058230.381
Savoy,2589.115,Suppressed,Suppressed,No Gas,No Gas,No Gas
Scituate,66869.122,-81.018,820878.189,4597647.985,62088.844,936281.794
Seekonk,44344.658,5.98,785565.642,2015009.281,21328.58,380977.047
Sharon,57271.327,170.74,1110300.535,4790317.449,74766.76,1051771.771
Sheffield,14478.299,16.761,292919.786,No Gas,No Gas,No Gas
Shelburne,7287.312,-55.436,434724.059,No Gas,No Gas,No Gas
Sherborn,20342.421,-197.397,594104.58,581701.841,Suppressed,Suppressed
Shirley,20771.702,-7.297,459954.246,380073.56,Suppressed,Suppressed
Shrewsbury,Municipal,Municipal,Municipal,6782004.738,150094.318,1779547.085
Shutesbury,6036.07,-24.347,350104.972,No Gas,No Gas,No Gas
Somerset,47341.646,196.7,728363.342,4549059.245,55807.6,1006812.76
Somerville,157736.714,683.463,1379047.647,16245093.37,581711.116,5054509.071
South Hadley,Municipal,Municipal,Municipal,2827116.605,42485.33,691838.335
Southampton,20967.217,-45.706,636609.14,Municipal,Municipal,Municipal
Southborough,39305.073,-219.628,869550.8,1503202.673,Suppressed,Suppressed
Southbridge,51609.137,309.875,1696823.327,2083232.043,Suppressed,Suppressed
Southwick,40040.143,39.474,788910.05,531758.158,Suppressed,Suppressed
Spencer,37983.835,85.296,1129290.747,909996.503,Suppressed,Suppressed
Springfield,445312.955,2987.546,6904565.304,29137871.86,327610.771,5852333.176
Sterling,Municipal,Municipal,Municipal,Suppressed,Suppressed,Suppressed
Stockbridge,11684.341,44.134,275229.111,427657.903,Suppressed,Suppressed
Stoneham,67589.715,106.957,821231.07,3159479.929,117275.696,1370445.978
Stoughton,73570.568,360.714,1145289.855,5261204.97,51461.88,970373.048
Stow,Municipal,Municipal,Municipal,606346.123,Suppressed,Suppressed
Sturbridge,36287.169,-94.933,1194525.04,No Gas,No Gas,No Gas
Sudbury,73784.182,-58.112,1149551.511,4842760.553,95948.058,1202073.955
Sunderland,13647.987,-60.016,428528.33,Suppressed,Suppressed,Suppressed
Sutton,35325.029,-141.452,1042838.961,244330.822,Suppressed,Suppressed
Swampscott,44691.372,128.936,781174.094,3914270.167,77750.845,1123599.994
Swansea,48117.12,115.409,739776.563,3615381.434,44945.649,815762.32
Taunton,Municipal,Municipal,Municipal,8407368.547,48899.49,1085727.804
Templeton,Municipal,Municipal,Municipal,No Gas,No Gas,No Gas
Tewksbury,87165.336,59.232,902816.309,6521988.033,76599.825,1219575.021
Tisbury,27653.104,-47.341,2426201.11,No Gas,No Gas,No Gas
Tolland,3393.974,Suppressed,Suppressed,No Gas,No Gas,No Gas
Topsfield,21781.761,-13.69,492030.895,1259327.628,Suppressed,Suppressed
Townsend,24237.026,209.643,308976.19,1153585.562,10574.823,200478.436
Truro,19919.974,-73.655,1439343.9,No Gas,No Gas,No Gas
Tyngsborough,37782.378,81.964,355015.893,2632521.619,31919.199,472483.899
Tyringham,2504.475,Suppressed,Suppressed,No Gas,No Gas,No Gas
Upton,26714.895,-60.962,793326.757,674435.662,Suppressed,Suppressed
Uxbridge,45084.142,-73.2,1031168.898,1299656.377,Suppressed,Suppressed
Wakefield,Municipal,Municipal,Municipal,Municipal,Municipal,Municipal
Wales,6757.872,Suppressed,Suppressed,No Gas,No Gas,No Gas
Walpole,82484.983,70.734,841240.631,4918353.093,86223.67,1254169.185
Waltham,148571.805,153.32,2127785.24,10022908.89,197512.705,2401326.884
Ware,33398.72,287.038,884315.324,No Gas,No Gas,No Gas
Wareham,82156.748,325.374,2128185.509,3885360.33,98923.533,1807465.224
Warren,17202.236,110.413,364121.689,300030.605,Suppressed,Suppressed
Warwick,2481.476,Suppressed,Suppressed,No Gas,No Gas,No Gas
Washington,2207.335,Suppressed,Suppressed,No Gas,No Gas,No Gas
Watertown,83599.99,196.74,1006419.269,7728660.353,146161.704,2007413.078
Wayland,54381.545,-94.261,1058257.75,3722529.14,69514.321,1015491.968
Webster,56359.963,279.347,2569654.744,1404497.753,Suppressed,Suppressed
Wellesley,Municipal,Municipal,Municipal,9206029.36,120107.38,1221885.62
Wellfleet,22549.761,-222.663,1811235.88,No Gas,No Gas,No Gas
Wendell,2529.19,Suppressed,Suppressed,No Gas,No Gas,No Gas
Wenham,14090.355,-33.836,344121.004,797963.189,Suppressed,Suppressed
West Boylston,Municipal,Municipal,Municipal,888408.939,Suppressed,Suppressed
West Bridgewater,23765.737,58.776,453519.32,1015492.004,Suppressed,Suppressed
West Brookfield,12605.015,43.49,383777.423,277157.578,Suppressed,Suppressed
West Newbury,16380.006,-46.871,594957.112,161046.715,Suppressed,Suppressed
West Springfield,87691.201,514.503,2096746.339,5662662.422,72044.72,979334.211
West Stockbridge,7817.104,Suppressed,Suppressed,Suppressed,Suppressed,Suppressed
West Tisbury,22093.913,46.728,864275.18,No Gas,No Gas,No Gas
Westborough,57729.734,24.534,1243311.825,3346187.587,67127.309,834530.185
Westfield,Municipal,Municipal,Municipal,Municipal,Municipal,Municipal
Westford,74587.764,146.174,748928.536,5935452.59,97658.753,1677080.625
Westhampton,6660.981,19.19,271484.84,No Gas,No Gas,No Gas
Westminster,26144.107,-40.937,783021.176,302587.481,2347.464,30344.74
Weston,64770.216,68.149,338835.03,5648201.635,74131.385,707636.568
Westport,57711.954,135.761,1117030.677,3389315.571,45098.634,742801.12
Westwood,55900.721,72.761,1039755.43,2708079.141,39313.321,502368.061
Weymouth,155136.892,277.048,2044186.325,7891401.38,127698.687,1711105.475
Whately,4687,Suppressed,Suppressed,Suppressed,Suppressed,Suppressed
Whitman,41724.214,4.536,767799.84,2306560.811,27062.529,485645.7
Wilbraham,46929.612,162.017,742723.709,2535461.896,32080.75,478879.012
Williamsburg,7747.525,-36.388,382130.157,No Gas,No Gas,No Gas
Williamstown,20084.654,-15.635,455147.358,1356965.2,4751.98,78630.04
Wilmington,Municipal,Municipal,Municipal,2040019.826,30061.733,381969.343
Winchendon,29416.408,47.096,925430.138,No Gas,No Gas,No Gas
Winchester,74004.67,169.471,802129.712,5836481.78,73247.347,869724.237
Windsor,3323.24,Suppressed,Suppressed,No Gas,No Gas,No Gas
Winthrop,40150.714,108.243,371753.16,4376285.295,79401.63,1056881.402
Woburn,114542.932,30.019,2216050.011,5596620.595,86877.275,1309159.344
Worcester,406178.409,1644.263,5915254.314,33796522.35,499303.754,8378206.27
Worthington,4614.563,Suppressed,Suppressed,No Gas,No Gas,No Gas
Wrentham,41560.558,4.578,667546.44,1428241.82,18227.22,275332.626
Yarmouth,94062.797,339.395,2665709.78,8534531.047,231356.972,3057354.964
